ID	Source	Release raw and assemblies in data note	Assembly.quality	Order	Family	Latin_name	Contig_N50..bp.	Contig_L50..bp.	Contig_Num	Scaffold_N50..bp.	Scaffold_L50..bp.	Scaffold_Num..bp.	Total_Len..bp.	Gap_Len..bp.	Gap_Ratio....	Completeness.....Complete.Fragment	CG.content...	Number.of.total.gene	Mean.gene.length..bp.	Mean.CDS.length..bp.	Mean.exon.number	Mean.exon.length..bp.	Mean.intron.number	Mean.intron.length..bp.	Number.of.single.exon.gene	Source2
APP-001	BGI-phase1	no	High	Charadriiformes	Charadriidae	Charadrius vociferus	32204	10949	130696	3624371	99	55490	1225311256	34324620	3	98	44	15273	19323	1377	8	168	7	2499	1446	Published (B10K phase 1)
APP-002	BGI-phase1	no	Low	Passeriformes	Acanthisittidae	Acanthisitta chloris	18015	16972	175276	63947	4551	84187	1044655775	7537786	1	96	44	14365	12438	1212	7	166	6	1781	1187	Published (B10K phase 1)
APP-004	BGI-phase1	no	Low	Trogoniformes	Trogonidae	Apaloderma vittatum	19295	16620	243436	55759	5570	150105	1085711737	6370038	1	95	46	13409	12460	1216	7	167	6	1798	1198	Published (B10K phase 1)
APP-005	BGI-phase1	no	High	Sphenisciformes	Spheniscidae	Aptenodytes forsteri	30463	11606	108691	5071598	71	29970	1257483768	71904712	6	98	41	15378	20045	1393	8	169	7	2580	1381	Published (B10K phase 1)
APP-006	BGI-phase1	no	Low	Gruiformes	Gruidae	Balearica regulorum	18319	18748	218255	51597	6287	125371	1138861064	5468987	0	96	46	14093	12756	1230	7	169	6	1840	1284	Published (B10K phase 1)
APP-007	BGI-phase1	no	Low	Bucerotiformes	Bucerotidae	Buceros rhinoceros	13946	22803	515604	50938	6141	376322	1105159377	20474472	2	95	49	13487	12767	1238	7	166	6	1794	1126	Published (B10K phase 1)
APP-008	BGI-phase1	no	High	Caprimulgiformes	Trochilidae	Calypte anna	23363	13362	201701	4044606	82	122611	1114626264	38786660	3	97	42	15294	17634	1372	8	168	7	2274	1363	Published (B10K phase 1)
APP-009	BGI-phase1	no	Low	Caprimulgiformes	Caprimulgidae	Antrostomus carolinensis	17629	19013	354558	45139	7037	268090	1145149681	5834346	1	95	44	14065	11622	1175	6	170	5	1773	1426	Published (B10K phase 1)
APP-010	BGI-phase1	no	Low	Cariamiformes	Cariamidae	Cariama cristata	17075	20135	245620	54385	6077	139845	1145705463	5934258	1	96	46	14009	12663	1223	7	169	6	1837	1207	Published (B10K phase 1)
APP-011	BGI-phase1	no	Low	Accipitriformes	Cathartidae	Cathartes aura	12028	26887	439449	35361	9142	265607	1179513848	14208906	1	87	44	13342	10281	1102	6	172	5	1706	1329	Published (B10K phase 1)
APP-012	BGI-phase1	no	High	Caprimulgiformes	Apodidae	Chaetura pelagica	27656	11599	133152	3839435	79	60234	1125117173	45230535	4	98	43	14828	18613	1379	8	168	7	2391	1316	Published (B10K phase 1)
APP-013	BGI-phase1	no	Low	Otidiformes	Otididae	Chlamydotis macqueenii	17751	18493	180480	44857	6980	84700	1095295809	6609386	1	96	43	13555	11994	1209	7	170	6	1769	1209	Published (B10K phase 1)
APP-014	BGI-phase1	no	Low	Coliiformes	Coliidae	Colius striatus	18309	17440	197008	45637	6620	105817	1086303309	7151494	1	93	43	13494	11582	1164	6	168	5	1759	1155	Published (B10K phase 1)
APP-015	BGI-phase1	no	High	Columbiformes	Columbidae	Columba livia	22408	14473	143123	3148738	82	38878	1111581692	20781163	2	97	43	15666	17814	1368	8	168	7	2305	1476	Published (B10K phase 1)
APP-016	BGI-phase1	no	High	Passeriformes	Corvidae	Corvus brachyrhynchos	24479	12599	124962	6953989	49	33301	1095175346	40345514	4	97	42	15502	16967	1326	7	166	6	2242	1377	Published (B10K phase 1)
APP-017	BGI-phase1	no	High	Cuculiformes	Cuculidae	Cuculus canorus	31110	10902	123100	2989832	120	55203	1159208195	27717946	2	98	43	15573	18675	1370	8	168	7	2422	1448	Published (B10K phase 1)
APP-018	BGI-phase1	no	High	Pelecaniformes	Ardeidae	Egretta garzetta	23879	14379	149025	3067157	114	44452	1211513874	49316013	4	98	44	14924	19548	1374	8	167	7	2527	1407	Published (B10K phase 1)
APP-019	BGI-phase1	no	Low	Eurypygiformes	Eurypygidae	Eurypyga helias	16634	19467	213112	46704	6492	116912	1098400457	6988775	1	94	47	13318	11848	1191	6	170	5	1779	1216	Published (B10K phase 1)
APP-020	BGI-phase1	no	High	Falconiformes	Falconidae	Falco peregrinus	28599	12203	98540	3891469	91	21224	1174046505	18605685	2	98	42	15816	18679	1381	8	169	7	2416	1459	Published (B10K phase 1)
APP-021	BGI-phase1	no	Low	Procellariiformes	Procellariidae	Fulmarus glacialis	17253	20136	223489	46705	7138	120099	1153271365	8171298	1	95	46	13865	12279	1213	7	169	6	1793	1204	Published (B10K phase 1)
APP-022	BGI-phase1	no	Low	Gaviiformes	Gaviidae	Gavia stellata	16492	20595	265946	44907	7258	147997	1145076370	9392112	1	94	47	13347	12283	1205	7	169	6	1807	1154	Published (B10K phase 1)
APP-023	BGI-phase1	no	High	Passeriformes	Thraupidae	Geospiza fortis	30271	9925	153238	5210860	55	84668	1072489490	23952837	2	98	43	15469	16661	1316	7	166	6	2217	1454	Published (B10K phase 1)
APP-025	BGI-phase1	no	Middle	Accipitriformes	Accipitridae	Haliaeetus leucocephalus	10013	32865	625354	669725	512	346419	1258793725	49959769	4	97	45	16126	17987	1343	8	167	7	2377	1479	Published (B10K phase 1)
APP-026	BGI-phase1	no	Low	Leptosomatiformes	Leptosomidae	Leptosomus discolor	19177	17786	231570	61823	5251	148510	1148076042	3532975	0	96	48	14156	13438	1227	7	169	6	1957	1323	Published (B10K phase 1)
APP-028	BGI-phase1	no	High	Psittaciformes	Psittaculidae	Melopsittacus undulatus	55371	5506	71450	10614387	28	25212	1117358947	30759247	3	97	42	14904	18643	1380	8	169	7	2420	1358	Published (B10K phase 1)
APP-029	BGI-phase1	no	Low	Coraciiformes	Meropidae	Merops nubicus	20029	15701	133783	47850	6167	54407	1066568727	6384307	1	94	42	13270	12197	1181	7	168	6	1827	1140	Published (B10K phase 1)
APP-030	BGI-phase1	no	Low	Mesitornithiformes	Mesitornithidae	Mesitornis unicolor	18696	17512	236682	46462	6684	158046	1101046125	5410959	0	95	46	14502	11116	1173	6	169	5	1678	1374	Published (B10K phase 1)
APP-031	BGI-phase1	no	Low	Psittaciformes	Strigopidae	Nestor notabilis	20134	15795	171880	60950	5002	90285	1062026465	5945238	1	96	45	14101	13149	1253	7	167	6	1836	1197	Published (B10K phase 1)
APP-032	BGI-phase1	no	High	Pelecaniformes	Threskiornithidae	Nipponia nippon	67848	4940	265723	72217672	5	220984	1272456081	34301313	3	96	46	16476	20072	1381	8	164	7	2526	1499	Published (B10K phase 1)
APP-033	BGI-phase1	no	High	Opisthocomiformes	Opisthocomidae	Opisthocomus hoazin	24342	13763	158673	2913940	123	46402	1209082675	62322211	5	97	44	14037	20315	1374	8	167	7	2637	1331	Published (B10K phase 1)
APP-034	BGI-phase1	no	Low	Pelecaniformes	Pelecanidae	Pelecanus crispus	18353	19305	179516	43061	7937	90644	1168624213	6460988	1	94	44	13917	11835	1186	6	169	5	1780	1249	Published (B10K phase 1)
APP-035	BGI-phase1	no	Low	Phaethontiformes	Phaethontidae	Phaethon lepturus	18744	18191	245917	47267	6957	146867	1166684827	8058279	1	96	47	14084	12590	1222	7	169	6	1826	1241	Published (B10K phase 1)
APP-036	BGI-phase1	no	Low	Pelecaniformes	Phalacrocoracidae	Phalacrocorax carbo	15368	22042	255700	47834	6868	110477	1154672768	13773589	1	95	45	13263	12640	1201	7	168	6	1867	1075	Published (B10K phase 1)
APP-037	BGI-phase1	no	Low	Phoenicopteriformes	Phoenicopteridae	Phoenicopterus ruber	16677	20408	242490	37663	8752	144917	1144756512	6684921	1	94	47	13508	11359	1174	6	171	5	1736	1278	Published (B10K phase 1)
APP-038	BGI-phase1	no	High	Piciformes	Picidae	Picoides pubescens	20894	14975	195052	2086781	170	85828	1174542329	43645839	4	97	45	14843	19251	1370	8	168	7	2505	1383	Published (B10K phase 1)
APP-039	BGI-phase1	no	Low	Phoenicopteriformes	Podicipedidae	Podiceps cristatus	12915	26627	303525	29611	11319	182187	1152104262	9866872	1	92	46	13262	10254	1142	6	172	5	1617	1251	Published (B10K phase 1)
APP-040	BGI-phase1	no	Low	Pterocliformes	Pteroclidae	Pterocles gutturalis	17088	18818	196562	49080	6264	91611	1079547375	6961854	1	96	44	13811	11793	1195	7	169	6	1752	1277	Published (B10K phase 1)
APP-041	BGI-phase1	no	High	Sphenisciformes	Spheniscidae	Pygoscelis adeliae	19134	18626	199440	5047175	73	90746	1226103150	54160468	4	97	46	14246	20776	1399	8	167	7	2635	1250	Published (B10K phase 1)
APP-042	BGI-phase1	no	High	Struthioniformes	Struthionidae	Struthio camelus	29253	12208	117460	3593425	101	32466	1228437082	40553716	3	97	42	14566	20410	1409	8	169	7	2590	1324	Published (B10K phase 1)
APP-043	BGI-phase1	no	Low	Musophagiformes	Musophagidae	Tauraco erythrolophus	17956	19171	288518	55312	5955	171727	1175440150	11093056	1	95	47	14125	13100	1217	7	168	6	1912	1293	Published (B10K phase 1)
APP-044	BGI-phase1	no	Middle	Tinamiformes	Tinamidae	Tinamus guttatus	24452	12145	247842	242170	1174	176873	1060169855	22856002	2	95	43	14605	14326	1299	7	168	6	1945	1329	Published (B10K phase 1)
APP-045	BGI-phase1	no	Low	Strigiformes	Tytonidae	Tyto alba	12984	25126	339339	51880	6116	166092	1138815065	11611000	1	95	45	13069	13085	1206	7	167	6	1911	1126	Published (B10K phase 1)
B10K-Callaeas-wilsoni	BGI-phase2	yes	Middle	Passeriformes	Callaeidae	Callaeas wilsoni	81872	3503	170698	131023	2157	154270	1063435082	1564372	0	97	42	16183	14342	1273	7	170	6	2020	1760	B10K phase 2
B10K-Casuarius-casuarius	BGI-phase2	yes	High	Casuariiformes	Casuariidae	Casuarius casuarius	74444	4422	37268	5669588	66	3215	1204586945	25141729	2	98	41	15374	19991	1415	8	170	7	2535	1402	B10K phase 2
B10K-Crypturellus-soui	BGI-phase2	yes	Middle	Tinamiformes	Tinamidae	Crypturellus soui	27089	10090	246052	842248	316	164811	1055474986	27694134	3	96	41	15817	15481	1323	7	170	6	2101	1661	B10K phase 2
B10K-Crypturellus-undulatus	BGI-phase2	yes	Middle	Tinamiformes	Tinamidae	Crypturellus undulatus	31521	8379	244034	375789	670	181724	1034731832	6417252	1	95	43	15645	14649	1294	7	171	6	2043	1717	B10K phase 2
B10K-CU-030-46	BGI-phase2	yes	High	Passeriformes	Menuridae	Menura novaehollandiae	70620	4413	32232	2362578	127	4041	1060482361	10107542	1	98	45	16304	16904	1341	7	169	6	2256	1647	B10K phase 2
B10K-CU-031-01	BGI-phase2	yes	Middle	Otidiformes	Otididae	Ardeotis kori	48383	6566	50997	640289	481	9397	1150502741	38493905	3	97	42	15345	18779	1387	8	170	7	2430	1508	B10K phase 2
B10K-CU-031-02	BGI-phase2	yes	Middle	Cuculiformes	Cuculidae	Ceuthmochares aereus	25789	11522	84039	163167	1800	29921	1120355320	77790253	7	93	41	13605	17345	1301	7	171	6	2434	1499	B10K phase 2
B10K-CU-031-03	BGI-phase2	yes	High	Pelecaniformes	Ardeidae	Cochlearius cochlearius	53870	6266	43739	1677467	195	3767	1173759388	17724276	2	98	41	15671	19810	1408	8	170	7	2529	1542	B10K phase 2
B10K-CU-031-07	BGI-phase2	yes	Low	Cuculiformes	Cuculidae	Geococcyx californianus	25415	11957	827792	52981	5590	787960	1218388266	3436536	0	92	41	14856	11588	1182	6	175	5	1815	1905	B10K phase 2
B10K-CU-031-08	BGI-phase2	yes	Middle	Charadriiformes	Glareolidae	Glareola pratincola	34361	9347	72377	414567	768	12285	1173033779	28538038	2	97	41	15473	18499	1364	7	171	6	2468	1646	B10K phase 2
B10K-CU-031-10	BGI-phase2	yes	Middle	Caprimulgiformes	Nyctibiidae	Nyctibius bracteatus	28618	10825	83197	381764	599	12620	1169311260	40076856	3	97	41	15819	17102	1345	7	171	6	2298	1612	B10K phase 2
B10K-CU-031-11	BGI-phase2	yes	Middle	Procellariiformes	Oceanitidae	Oceanites oceanicus	23886	13583	85964	408600	835	8410	1178468135	28743168	2	97	42	16055	17935	1356	7	170	6	2376	1593	B10K phase 2
B10K-CU-031-12	BGI-phase2	yes	High	Passeriformes	Rhodinocichlidae	Rhodinocichla rosea	24088	11434	80951	2632112	102	5025	1031996577	28363541	3	98	41	16220	16482	1326	7	170	6	2236	1644	B10K phase 2
B10K-CU-031-13	BGI-phase2	yes	High	Passeriformes	Tachurididae	Tachuris rubrigastra	55374	5405	42437	2775378	108	3878	1059901859	12598598	1	97	42	15999	17151	1364	8	170	7	2248	1480	B10K phase 2
B10K-CU-031-17	BGI-phase2	yes	High	Passeriformes	Cinclosomatidae	Ptilorrhoa leucosticta	64329	4208	50387	1207954	222	11352	1110610154	75806103	7	97	41	15401	17815	1338	7	171	6	2413	1519	B10K phase 2
B10K-CU-031-19	BGI-phase2	yes	Middle	Passeriformes	Rhipiduridae	Chaetorhynchus papuensis	83183	3492	33966	715435	401	7929	1045139786	9951606	1	97	41	16041	17114	1347	7	170	6	2283	1607	B10K phase 2
B10K-CU-031-20	BGI-phase2	yes	High	Passeriformes	Calyptomenidae	Smithornis capensis	55506	4954	47040	1796258	148	7265	1061338010	33586903	3	97	40	15586	17867	1357	7	171	6	2384	1622	B10K phase 2
B10K-CU-031-22	BGI-phase2	yes	High	Cariamiformes	Cariamidae	Chunga burmeisteri	61759	5551	36892	1421544	223	3565	1168712327	12289210	1	98	43	16117	19267	1385	8	169	7	2485	1575	B10K phase 2
B10K-CU-031-23	BGI-phase2	yes	Middle	Otidiformes	Otididae	Lophotis ruficrista	50196	6476	42106	707612	427	4977	1111180309	17722390	2	98	41	15498	18209	1385	8	169	7	2345	1544	B10K phase 2
B10K-CU-031-38	BGI-phase2	yes	Middle	Pelecaniformes	Anhingidae	Anhinga anhinga	21319	15620	93644	338596	1013	10146	1183801621	27844088	2	96	47	15371	18472	1378	8	170	7	2417	1530	B10K phase 2
B10K-CU-031-40	BGI-phase2	yes	Middle	Musophagiformes	Musophagidae	Corythaeola cristata	6602	38248	227213	102847	2688	37147	1095576948	117997689	11	85	47	13736	13171	1196	6	179	5	2107	1710	B10K phase 2
B10K-Dromaius-novaehollandiae	BGI-phase2	yes	High	Casuariiformes	Casuariidae	Dromaius novaehollandiae	69776	4889	37534	4151198	77	3301	1200677614	25755231	2	98	45	15356	20093	1418	8	169	7	2537	1389	B10K phase 2
B10K-DU-001-01	BGI-phase2	yes	Middle	Passeriformes	Cotingidae	Cephalopterus ornatus	58416	5093	109229	290842	924	66317	1066774997	8125768	1	97	45	15768	15720	1316	7	165	6	2067	1474	B10K phase 2
B10K-DU-001-02	BGI-phase2	yes	Middle	Passeriformes	Grallariidae	Grallaria varia	36141	8093	174047	474669	560	100121	1065803553	9623491	1	97	44	15677	16881	1345	8	165	7	2180	1442	B10K phase 2
B10K-DU-001-03	BGI-phase2	yes	High	Passeriformes	Scleruridae	Sclerurus mexicanus	66059	4357	83797	1025074	287	32772	1049506723	8358801	1	98	45	15849	17572	1354	8	164	7	2237	1425	B10K phase 2
B10K-DU-001-04	BGI-phase2	yes	Middle	Piciformes	Ramphastidae	Eubucco bourcierii	14898	21206	327606	204279	1399	160263	1252240762	32162860	3	96	42	15741	16567	1306	7	168	6	2251	1663	B10K phase 2
B10K-DU-001-06	BGI-phase2	yes	Middle	Passeriformes	Thamnophilidae	Sakesphorus luctuosus	43121	6467	153211	560419	468	70433	1086118519	12845297	1	97	43	16014	16708	1329	7	166	6	2204	1584	B10K phase 2
B10K-DU-001-07	BGI-phase2	yes	Middle	Strigiformes	Strigidae	Ciccaba nigrolineata	26170	12761	189436	415847	770	72568	1193696512	15455715	1	98	44	15811	17980	1345	8	164	7	2321	1529	B10K phase 2
B10K-DU-001-08	BGI-phase2	yes	Middle	Galliformes	Cracidae	Penelope pileata	40318	7318	90634	731122	361	30220	1030367496	7809760	1	98	44	15879	18200	1417	8	164	7	2199	1457	B10K phase 2
B10K-DU-001-09	BGI-phase2	yes	High	Passeriformes	Dendrocolaptidae	Campylorhamphus procurvoides	68492	4243	120425	1019356	280	69660	1054320425	7797122	1	98	44	15982	17361	1344	8	164	7	2234	1456	B10K phase 2
B10K-DU-001-15	BGI-phase2	yes	Middle	Passeriformes	Alaudidae	Alaudala cheleensis	36196	7684	275145	388945	687	178214	1083952160	15014136	1	96	44	16231	14540	1269	7	171	6	2067	1768	B10K phase 2
B10K-DU-001-16	BGI-phase2	yes	Middle	Piciformes	Bucconidae	Bucco capensis	20430	11469	233184	332735	655	128406	999448313	16398541	2	96	44	16011	15047	1325	7	166	6	1977	1571	B10K phase 2
B10K-DU-001-17	BGI-phase2	yes	Middle	Passeriformes	Turdidae	Catharus fuscescens	28685	9994	267081	270150	938	183456	1056937778	10417231	1	96	41	15868	15308	1282	7	165	6	2082	1630	B10K phase 2
B10K-DU-001-18	BGI-phase2	yes	Middle	Passeriformes	Regulidae	Regulus satrapa	18038	14948	263503	357753	731	111055	1021078622	20217981	2	96	44	14955	14530	1291	7	169	6	1996	1429	B10K phase 2
B10K-DU-001-19	BGI-phase2	yes	Middle	Passeriformes	Fringillidae	Loxia leucoptera	47224	6012	124568	612195	459	58467	1031963939	8285632	1	97	44	16036	16417	1311	7	164	6	2163	1541	B10K phase 2
B10K-DU-001-20	BGI-phase2	yes	Middle	Charadriiformes	Stercorariidae	Stercorarius parasiticus	52130	6450	97783	641585	514	38292	1163360408	8499407	1	98	44	15882	18757	1374	8	170	7	2458	1626	B10K phase 2
B10K-DU-001-21	BGI-phase2	yes	Middle	Coraciiformes	Momotidae	Baryphthengus martii	41065	7451	218711	219300	1279	157737	1116581886	7089819	1	97	44	15306	15306	1306	7	169	6	2086	1501	B10K phase 2
B10K-DU-001-22	BGI-phase2	yes	Middle	Passeriformes	Vireonidae	Vireo altiloquus	56917	5280	140188	659419	455	82244	1071902423	9845479	1	98	44	16254	16633	1328	7	170	6	2245	1737	B10K phase 2
B10K-DU-001-23	BGI-phase2	yes	Middle	Caprimulgiformes	Apodidae	Hemiprocne comata	33378	9268	164343	355591	821	80594	1147652221	22226534	2	97	46	15471	16980	1351	7	170	6	2262	1511	B10K phase 2
B10K-DU-001-24	BGI-phase2	yes	Middle	Piciformes	Ramphastidae	Psilopogon haemacephalus	19586	15811	329776	289549	902	192078	1223535639	20798913	2	96	44	15518	17108	1338	7	172	6	2333	1670	B10K phase 2
B10K-DU-001-25	BGI-phase2	yes	High	Passeriformes	Campephagidae	Edolisoma coerulescens	58620	5018	95514	1326881	212	37143	1045457507	8266794	1	98	43	15983	17254	1342	7	168	6	2287	1579	B10K phase 2
B10K-DU-001-26	BGI-phase2	yes	Middle	Passeriformes	Irenidae	Irena cyanogastra	64572	4412	120329	550671	488	65835	1041394374	7329453	1	97	43	16221	15984	1299	7	165	6	2144	1584	B10K phase 2
B10K-DU-001-27	BGI-phase2	yes	Middle	Passeriformes	Zosteropidae	Sterrhoptilus dennistouni	36617	7940	160045	955105	284	74587	1056050256	17638211	2	97	45	15543	16716	1324	7	167	6	2224	1488	B10K phase 2
B10K-DU-001-28	BGI-phase2	yes	Middle	Passeriformes	Pachycephalidae	Pachycephala philippinensis	36024	8131	151813	488038	556	77877	1048166206	10920671	1	98	43	15441	16575	1334	7	169	6	2216	1548	B10K phase 2
B10K-DU-001-29	BGI-phase2	yes	High	Passeriformes	Sturnidae	Rhabdornis inornatus	66236	4335	101197	1033291	262	49538	1042126594	6521606	1	98	44	16324	17184	1337	8	164	7	2229	1543	B10K phase 2
B10K-DU-001-30	BGI-phase2	yes	Low	Piciformes	Ramphastidae	Ramphastos sulfuratus	12369	22678	407703	83050	3275	247521	1199351480	20727992	2	94	45	15431	12923	1242	7	175	6	1917	1783	B10K phase 2
B10K-DU-001-31	BGI-phase2	yes	Low	Passeriformes	Icteridae	Quiscalus mexicanus	45288	6114	147841	92463	2984	104220	1047648627	5400039	1	96	43	15395	13136	1225	7	164	6	1843	1509	B10K phase 2
B10K-DU-001-32	BGI-phase2	yes	Middle	Procellariiformes	Hydrobatidae	Hydrobates tethys	27850	12045	197381	367816	895	86879	1195757883	13827875	1	97	45	15915	17898	1344	8	165	7	2323	1472	B10K phase 2
B10K-DU-001-33	BGI-phase2	yes	Middle	Passeriformes	Monarchidae	Myiagra hebetior	33325	9014	143338	826168	350	55333	1054381473	11640326	1	98	44	15971	17207	1326	8	163	7	2235	1470	B10K phase 2
B10K-DU-001-34	BGI-phase2	yes	High	Passeriformes	Dicaeidae	Dicaeum eximium	55446	5165	103366	1082530	238	45299	1018686888	8761441	1	98	44	15893	17104	1374	8	169	7	2214	1577	B10K phase 2
B10K-DU-001-35	BGI-phase2	yes	Middle	Passeriformes	Nectariniidae	Leptocoma aspasia	46013	6438	100234	740066	379	33685	1038315696	10108643	1	98	43	15967	16690	1332	7	168	6	2230	1587	B10K phase 2
B10K-DU-001-36	BGI-phase2	yes	Middle	Passeriformes	Zosteropidae 	Zosterops hypoxanthus	29129	10160	214827	300499	873	131449	1061298102	7949662	1	96	43	15950	14851	1280	7	169	6	2075	1730	B10K phase 2
B10K-DU-001-37	BGI-phase2	yes	Middle	Passeriformes	Tyrannidae	Tyrannus savana	36597	8353	193732	428231	686	128031	1067549296	9791047	1	97	44	15621	16238	1338	7	168	6	2152	1519	B10K phase 2
B10K-DU-001-39	BGI-phase2	yes	Middle	Galliformes	Megapodiidae	Alectura lathami	12136	22694	335624	225288	1295	141553	1057265541	22938522	2	96	41	15429	15282	1337	8	164	7	1956	1381	B10K phase 2
B10K-DU-001-40	BGI-phase2	yes	Middle	Caprimulgiformes	Podargidae	Podargus strigoides	37677	8109	512953	166559	1613	458651	1179505384	6923815	1	92	41	15883	12992	1236	7	173	6	1922	1807	B10K phase 2
B10K-DU-001-42	BGI-phase2	yes	Low	Piciformes	Ramphastidae	Semnornis frantzii	5971	43854	696357	15559	15292	494102	1102024228	28660187	3	73	43	12259	7527	1068	5	184	4	1347	1611	B10K phase 2
B10K-DU-001-43	BGI-phase2	yes	Middle	Passeriformes	Formicariidae	Formicarius rufipectus	42050	7104	96076	836584	317	38730	1047865908	6067855	1	98	43	15528	17224	1363	8	169	7	2255	1465	B10K phase 2
B10K-DU-001-44	BGI-phase2	yes	Middle	Pelecaniformes	Threskiornithidae	Mesembrinibis cayennensis	46375	7181	163202	477431	669	98463	1204019942	8588674	1	97	47	15910	17839	1355	7	169	6	2361	1605	B10K phase 2
B10K-DU-001-45	BGI-phase2	yes	Middle	Passeriformes	Parulidae	Setophaga kirtlandii	37120	7411	292484	560646	468	200286	1066735798	11293363	1	97	44	15880	16585	1308	7	165	6	2210	1618	B10K phase 2
B10K-DU-001-46	BGI-phase2	yes	Middle	Psittaciformes	Psittacidae	Amazona guildingii	27438	11274	192982	271688	1085	97853	1142575378	15008564	1	97	43	15962	16501	1342	8	165	7	2138	1564	B10K phase 2
B10K-DU-001-47	BGI-phase2	yes	Middle	Pelecaniformes	Ciconiidae	Ciconia maguari	36419	9263	167650	364941	944	81876	1207277331	16053797	1	97	41	15151	18413	1352	8	163	7	2352	1324	B10K phase 2
B10K-DU-001-48	BGI-phase2	yes	High	Passeriformes	Dicruridae	Dicrurus megarhynchus	66873	4629	328104	1017931	289	274599	1083428237	6336125	1	98	44	16238	17623	1344	8	164	7	2266	1554	B10K phase 2
B10K-DU-001-49	BGI-phase2	yes	Middle	Passeriformes	Rhipiduridae	Rhipidura dahli	53398	5629	78665	788641	360	32210	1021725253	4379576	0	98	43	15978	17233	1338	8	164	7	2229	1544	B10K phase 2
B10K-DU-001-53	BGI-phase2	yes	Middle	Galliformes	Odontophoridae	Odontophorus gujanensis	38557	7352	131582	341548	790	72794	983818509	7079919	1	97	45	15538	16568	1415	8	168	7	2051	1470	B10K phase 2
B10K-DU-001-55	BGI-phase2	yes	Middle	Gruiformes	Heliornithidae	Heliornis fulica	29185	10187	178510	385762	744	85378	1104094834	14907716	1	97	44	15221	17608	1359	8	165	7	2254	1399	B10K phase 2
B10K-DU-001-56	BGI-phase2	yes	Middle	Caprimulgiformes	Nyctibiidae	Nyctibius grandis	35071	8884	177956	157500	1679	113716	1162014459	7728916	1	96	43	15730	15241	1299	7	166	6	2050	1570	B10K phase 2
B10K-DU-001-57	BGI-phase2	yes	Middle	Anseriformes	Anseranatidae	Anseranas semipalmata	31498	10348	100744	621325	505	26934	1133397801	9962218	1	98	45	16044	18497	1394	8	165	7	2296	1432	B10K phase 2
B10K-DU-001-60	BGI-phase2	yes	Middle	Gruiformes	Psophiidae	Psophia crepitans	39080	8522	102477	468317	631	36535	1172128290	12774796	1	98	43	15567	18562	1373	8	165	7	2358	1465	B10K phase 2
B10K-DU-001-61	BGI-phase2	yes	Middle	Coraciiformes	Alcedinidae	Chloroceryle aenea	19608	14364	237142	323788	918	67943	1067751506	30008195	3	97	44	14227	17499	1339	8	161	7	2221	1140	B10K phase 2
B10K-DU-001-62	BGI-phase2	yes	High	Piciformes	Galbulidae	Galbula dea	89890	3015	110044	1164772	212	72399	1013529129	5241053	1	97	44	16224	17289	1370	8	165	7	2188	1591	B10K phase 2
B10K-DU-001-63	BGI-phase2	yes	Middle	Passeriformes	Donacobiidae	Donacobius atricapilla	32000	9311	172898	539859	537	78558	1060417622	11226043	1	97	43	15575	15754	1321	7	169	6	2119	1456	B10K phase 2
B10K-DU-001-64	BGI-phase2	yes	Middle	Charadriiformes	Burhinidae	Burhinus bistriatus	27523	12869	284958	398556	841	185359	1229614579	13322906	1	98	44	16067	17306	1338	7	169	6	2319	1615	B10K phase 2
B10K-DU-001-65	BGI-phase2	yes	Middle	Passeriformes	Laniidae	Lanius ludovicianus	59003	4960	84506	683047	436	36383	1042740150	7770984	1	98	43	15776	16866	1322	8	163	7	2187	1422	B10K phase 2
B10K-DU-001-66	BGI-phase2	yes	Middle	Passeriformes	Polioptilidae	Polioptila caerulea	28320	10371	195531	600973	456	101527	1047776632	17658564	2	97	42	15552	17092	1334	8	164	7	2221	1414	B10K phase 2
B10K-DU-001-67	BGI-phase2	yes	Middle	Passeriformes	Hirundinidae	Hirundo rustica	53503	5358	58767	693032	400	13052	1043765736	4820456	0	97	42	16082	15943	1323	7	170	6	2165	1591	B10K phase 2
B10K-DU-001-68	BGI-phase2	yes	Middle	Passeriformes	Troglodytidae	Thryothorus ludovicianus	34396	8166	208987	481970	570	117732	1041923001	15521184	1	96	44	15704	15965	1301	7	164	6	2128	1516	B10K phase 2
B10K-DU-001-69	BGI-phase2	yes	Middle	Passeriformes	Cardinalidae	Cardinalis cardinalis	55310	4989	149271	445835	565	94555	1045203253	8470071	1	97	44	15808	15585	1283	7	164	6	2105	1590	B10K phase 2
B10K-DU-001-70	BGI-phase2	yes	Middle	Passeriformes	Scotocercidae	Hylia prasina	34987	8365	167646	679174	393	84639	1035995776	10644454	1	97	45	15499	17033	1329	8	163	7	2203	1365	B10K phase 2
B10K-DU-001-71	BGI-phase2	yes	Middle	Passeriformes	Platysteiridae	Dyaphorophyia castanea	39942	7483	139701	713592	386	62269	1063709178	10372555	1	98	43	16063	17198	1332	8	165	7	2242	1502	B10K phase 2
B10K-DU-001-72	BGI-phase2	yes	Middle	Passeriformes	Tityridae	Pachyramphus minor	45232	6691	130353	556579	504	74959	1061333976	8249437	1	98	43	15736	16905	1353	8	169	7	2219	1502	B10K phase 2
B10K-DU-001-74	BGI-phase2	yes	Middle	Passeriformes	Muscicapidae	Oenanthe oenanthe	24984	11280	196111	505547	534	102343	1010647462	11468011	1	97	44	15789	15774	1316	7	169	6	2135	1593	B10K phase 2
B10K-DU-001-75	BGI-phase2	yes	Middle	Passeriformes	Motacillidae	Motacilla alba	43109	6795	123605	682929	410	47283	1046466194	11079595	1	98	39	15726	16684	1313	7	165	6	2209	1443	B10K phase 2
B10K-DU-001-77	BGI-phase2	yes	Middle	Passeriformes	Cinclidae	Cinclus mexicanus	26069	10338	276341	207629	1200	173519	1012550957	12239142	1	92	45	15367	12265	1222	7	170	6	1795	1494	B10K phase 2
B10K-DU-001-78	BGI-phase2	yes	Middle	Piciformes	Indicatoridae	Indicator maculatus	31908	9238	194351	457931	605	99029	1136555199	16765787	1	97	44	15617	16840	1338	7	170	6	2267	1570	B10K phase 2
B10K-DU-001-79	BGI-phase2	yes	Middle	Passeriformes	Ploceidae	Ploceus nigricollis	35710	7980	162378	726717	401	68466	1041082811	14276785	1	98	44	15591	17164	1333	8	163	7	2216	1386	B10K phase 2
B10K-DU-002-01	BGI-phase2	yes	Middle	Passeriformes	Pellorneidae	Illadopsis cleaveri	23681	11998	254124	373570	705	123122	1064435358	19760073	2	97	43	15469	16331	1313	7	164	6	2149	1430	B10K phase 2
B10K-DU-002-02	BGI-phase2	yes	Middle	Passeriformes	Sturnidae	Leucopsar rothschildi	49988	5728	112862	603117	470	43697	1022497748	10318155	1	97	43	15612	16382	1313	8	162	7	2131	1394	B10K phase 2
B10K-DU-002-03	BGI-phase2	yes	Middle	Passeriformes	Eurylaimidae	Serilophus lunatus	53789	5585	75046	848428	323	29619	1042815171	7617074	1	98	45	15866	17311	1357	8	164	7	2206	1531	B10K phase 2
B10K-DU-002-05	BGI-phase2	yes	High	Passeriformes	Artamidae	Gymnorhina tibicen	73811	4025	85203	1189794	241	43674	1055490920	7166851	1	98	44	16211	17391	1334	8	164	7	2264	1566	B10K phase 2
B10K-DU-002-07	BGI-phase2	yes	High	Passeriformes	Oxyruncidae	Oxyruncus cristatus	54002	5701	80025	1136976	261	31587	1064938975	8528422	1	98	44	15780	18066	1367	8	164	7	2283	1416	B10K phase 2
B10K-DU-002-08	BGI-phase2	yes	Middle	Passeriformes	Sylviidae	Sinosuthora webbiana	42850	6961	145799	959466	286	78953	1056511644	9739920	1	97	42	16242	16845	1320	8	164	7	2216	1629	B10K phase 2
B10K-DU-002-09	BGI-phase2	yes	Middle	Passeriformes	Locustellidae	Locustella ochotensis	49337	6032	48077	661807	421	10759	1039565349	17079540	2	97	40	15942	16944	1324	8	164	7	2216	1511	B10K phase 2
B10K-DU-002-10	BGI-phase2	yes	Middle	Passeriformes	Aegithalidae	Aegithalos caudatus	20644	13320	281973	304996	810	153849	1028045045	18897960	2	95	43	15354	13999	1258	7	164	6	1910	1419	B10K phase 2
B10K-DU-002-11	BGI-phase2	yes	Middle	Gruiformes	Aramidae	Aramus guarauna	32523	10158	136175	803774	386	43910	1173814118	10181571	1	98	43	16092	19131	1378	8	165	7	2420	1519	B10K phase 2
B10K-DU-002-13	BGI-phase2	yes	Middle	Charadriiformes	Recurvirostridae	Himantopus himantopus	37083	9105	149628	710108	470	62022	1201517041	11987451	1	98	43	15984	17855	1364	7	170	6	2359	1605	B10K phase 2
B10K-DU-002-14	BGI-phase2	yes	Middle	Charadriiformes	Rostratulidae	Nycticryphes semicollaris	33960	9376	139288	700983	466	50062	1130472382	10155480	1	98	43	15975	17708	1376	8	170	7	2314	1610	B10K phase 2
B10K-DU-002-15	BGI-phase2	yes	Middle	Passeriformes	Mimidae	Toxostoma redivivum	50284	5786	114101	743078	383	50954	1035941564	9994270	1	97	44	16158	16698	1316	7	164	6	2197	1553	B10K phase 2
B10K-DU-002-16	BGI-phase2	yes	Middle	Charadriiformes	Laridae	Rynchops niger	28103	11782	144301	520649	633	42920	1181396915	12711811	1	98	44	16112	18463	1369	8	166	7	2359	1560	B10K phase 2
B10K-DU-002-18	BGI-phase2	yes	Middle	Passeriformes	Acrocephalidae	Hippolais icterina	35406	8210	206961	494139	535	127926	1058346837	10117678	1	96	44	15623	16284	1304	7	165	6	2170	1591	B10K phase 2
B10K-DU-002-19	BGI-phase2	yes	Middle	Passeriformes	Sylviidae	Sylvia borin	30539	9302	186430	724950	369	87065	1043788113	14387656	1	97	43	15645	17102	1329	8	163	7	2214	1456	B10K phase 2
B10K-DU-002-20	BGI-phase2	yes	Middle	Passeriformes	Certhiidae	Certhia brachydactyla	38750	7787	105707	868112	326	35677	1031668949	8370379	1	98	44	15938	17411	1337	8	164	7	2248	1494	B10K phase 2
B10K-DU-002-22	BGI-phase2	yes	Middle	Passeriformes	Paradisaeidae	Paradisaea raggiana	62744	4683	104496	862985	326	54526	1051600299	7952784	1	98	43	16086	16944	1327	8	164	7	2213	1550	B10K phase 2
B10K-DU-002-23	BGI-phase2	yes	Middle	Passeriformes	Bombycillidae	Bombycilla garrulus	33323	8525	178197	605066	441	90930	1039718708	12037635	1	97	45	15849	16307	1307	7	164	6	2164	1526	B10K phase 2
B10K-DU-002-24	BGI-phase2	yes	Middle	Passeriformes	Oriolidae	Oriolus oriolus	67223	4244	94838	711285	380	50815	1042610995	7025447	1	98	43	15859	17061	1335	8	164	7	2212	1495	B10K phase 2
B10K-DU-002-25	BGI-phase2	yes	Middle	Passeriformes	Sittidae	Sitta europaea	40280	7147	109642	655361	430	39511	1023562001	10336630	1	97	45	15573	16533	1309	8	162	7	2160	1364	B10K phase 2
B10K-DU-002-26	BGI-phase2	yes	Middle	Passeriformes	Phylloscopidae	Rhadina sibilatrix	21850	13366	218979	331107	777	113318	1053499693	9440597	1	97	39	15484	16283	1311	7	165	6	2158	1510	B10K phase 2
B10K-DU-002-28	BGI-phase2	yes	Low	Charadriiformes	Laridae	Larus smithsonianus	41775	7021	311668	79650	3477	286578	1195858063	2970432	0	90	44	15504	11214	1161	6	178	5	1823	1921	B10K phase 2
B10K-DU-002-30	BGI-phase2	yes	Middle	Passeriformes	Cisticolidae	Cisticola juncidis	40707	6959	124919	876550	314	52841	1020811471	11175188	1	97	45	15392	17317	1326	8	163	7	2242	1451	B10K phase 2
B10K-DU-002-32	BGI-phase2	yes	Middle	Passeriformes	Ptiliogonatidae	Phainopepla nitens	45589	6024	146630	537472	497	75292	1033525742	10963608	1	97	46	15479	16013	1323	7	168	6	2145	1508	B10K phase 2
B10K-DU-002-35	BGI-phase2	yes	Middle	Bucerotiformes	Phoeniculidae	Rhinopomastus cyanomelas	46005	5804	128480	411036	623	77971	1002017600	6205279	1	96	43	16390	15536	1329	8	165	7	2025	1600	B10K phase 2
B10K-DU-002-36	BGI-phase2	yes	Middle	Charadriiformes	Glareolidae	Rhinoptilus africanus	26961	11925	194503	379031	839	82369	1161806796	13755397	1	97	39	15456	17608	1341	8	166	7	2306	1492	B10K phase 2
B10K-DU-002-37	BGI-phase2	yes	Middle	Piciformes	Ramphastidae	Tricholaema leucomelas	30773	9158	419240	279943	949	338359	1270168433	14324432	1	96	41	16014	16368	1318	7	174	6	2291	1872	B10K phase 2
B10K-DU-002-40	BGI-phase2	yes	Low	Passeriformes	Nicatoridae	Nicator chloris	34589	7543	371200	95237	2288	336839	1065148983	4735418	0	91	43	15529	10887	1183	6	175	5	1688	1783	B10K phase 2
B10K-DU-002-42	BGI-phase2	yes	Middle	Passeriformes	Pycnonotidae	Pycnonotus jocosus	31428	8995	215486	215429	1144	142341	1035289814	7118940	1	96	41	15755	14269	1268	7	165	6	1956	1607	B10K phase 2
B10K-DU-002-43	BGI-phase2	yes	Middle	Passeriformes	Leiothrichidae	Leiothrix lutea	23863	11292	97923	297729	915	16987	1058776917	53875678	5	94	43	15472	15719	1272	7	167	6	2189	1531	B10K phase 2
B10K-DU-002-46	BGI-phase2	yes	Middle	Passeriformes	Rhinocryptidae	Scytalopus superciliaris	31421	9410	135194	627296	442	46063	1065488331	12520576	1	98	44	15634	17357	1349	8	164	7	2226	1428	B10K phase 2
B10K-DU-002-47	BGI-phase2	yes	Middle	Charadriiformes	Thinocoridae	Thinocorus orbignyianus	34007	9121	129695	837405	354	42478	1095915910	10223799	1	98	40	15782	18145	1376	8	167	7	2327	1478	B10K phase 2
B10K-DU-002-48	BGI-phase2	yes	Middle	Pelecaniformes	Fregatidae	Fregata magnificens	21132	13949	459798	139869	2064	295417	1206209642	24906299	2	86	40	15056	12885	1187	7	168	6	1938	1524	B10K phase 2
B10K-DU-002-49	BGI-phase2	yes	Middle	Pelecaniformes	Sulidae	Sula dactylatra	24554	11448	401594	149594	1745	268457	1165256327	20188833	2	86	40	14733	13225	1217	7	169	6	1949	1462	B10K phase 2
B10K-DU-002-50	BGI-phase2	yes	Middle	Passeriformes	Viduidae	Vidua macroura	23732	11510	391511	162208	1407	264914	1048748563	18066796	2	91	43	15218	12424	1212	7	166	6	1786	1512	B10K phase 2
B10K-DU-002-51	BGI-phase2	yes	Middle	Coraciiformes	Coraciidae	Eurystomus gularis	42249	7218	157178	194769	1428	102877	1138473888	10438044	1	96	43	15522	15127	1301	7	165	6	2010	1475	B10K phase 2
B10K-DU-002-52	BGI-phase2	yes	Middle	Passeriformes	Peucedramidae	Peucedramus taeniatus	37963	7495	177703	180993	1368	115841	1046044339	7453440	1	95	44	15621	13279	1239	7	166	6	1865	1558	B10K phase 2
B10K-DU-002-53	BGI-phase2	yes	Middle	Passeriformes	Pittidae	Pitta sordida	16905	15903	285606	173855	1452	146496	1101152807	20387362	2	96	40	15763	13920	1274	7	166	6	1894	1568	B10K phase 2
B10K-DU-002-55	BGI-phase2	yes	Middle	Passeriformes	Calyptomenidae	Calyptomena viridis	23427	11367	405096	162334	1600	238827	1080103186	35511432	3	91	40	15117	12401	1217	7	172	6	1844	1589	B10K phase 2
B10K-DU-002-56	BGI-phase2	yes	Middle	Passeriformes	Malaconotidae	Dryoscopus gambensis	19924	12638	455345	104333	2038	317817	1023999381	22653569	2	87	40	14389	11464	1183	7	167	6	1690	1431	B10K phase 2
B10K-DU-002-57	BGI-phase2	yes	Middle	Passeriformes	Irenidae	Chloropsis cyanopogon	15965	15877	494807	100780	2262	320697	1017099361	38716333	4	88	40	14491	10805	1171	6	172	5	1666	1554	B10K phase 2
B10K-DU-002-58	BGI-phase2	yes	Middle	Passeriformes	Vireonidae	Erpornis zantholeuca	28542	9257	367349	169693	1389	250628	1036643878	16876838	2	91	40	15376	12483	1212	7	166	6	1798	1567	B10K phase 2
B10K-DU-002-59	BGI-phase2	yes	Middle	Charadriiformes	Jacanidae	Jacana jacana	17626	15619	437368	120988	2035	282285	1111602366	26646812	2	89	41	14865	13173	1232	7	169	6	1904	1538	B10K phase 2
B10K-DU-002-60	BGI-phase2	yes	Middle	Passeriformes	Scotocercidae	Erythrocercus mccallii	76154	3679	42900	347331	722	11375	1030128718	20250703	2	96	39	15952	15884	1289	7	165	6	2151	1590	B10K phase 2
B10K-DU-002-69	BGI-phase2	yes	Low	Coraciiformes	Todidae	Todus mexicanus	5969	37921	995246	10900	19912	847127	927963946	15989165	2	61	40	11248	5214	967	5	185	4	1009	1661	B10K phase 2
B10K-DU-002-70	BGI-phase2	yes	Low	Pelecaniformes	Scopidae	Scopus umbretta	10888	27260	658720	30689	9361	514649	1131601390	13797959	1	82	43	13682	8007	1076	6	178	5	1376	1676	B10K phase 2
B10K-DU-002-71	BGI-phase2	yes	Low	Passeriformes	Pomatostomidae	Pomatostomus ruficeps	24327	10803	330998	70147	3289	240144	1036222519	8047288	1	91	41	15003	10759	1166	6	168	5	1618	1584	B10K phase 2
B10K-DU-002-79	BGI-phase2	yes	Low	Passeriformes	Philepittidae	Neodrepanis coruscans	3838	46530	1159276	16160	14803	821695	1090578492	170168725	16	64	42	9909	6232	899	4	182	3	1360	1635	B10K phase 2
B10K-DU-002-81	BGI-phase2	yes	Low	Passeriformes	Bernieridae	Oxylabes madagascariensis	2016	79729	1392117	14842	17352	840106	1262615937	277493774	22	66	44	10558	6723	887	5	177	4	1455	1719	B10K phase 2
B10K-DU-002-82	BGI-phase2	yes	Low	Passeriformes	Vangidae	Mystacornis crossleyi	6810	35737	733196	34921	8033	438584	1143112041	108256840	9	78	40	12061	8576	973	5	175	4	1677	1726	B10K phase 2
B10K-DU-002-83	BGI-phase2	yes	Low	Passeriformes	Passeridae	Hypocryptadius cinnamomeus	14602	14778	767952	34905	5962	646059	915564649	11939297	1	82	41	13983	8245	1087	6	171	5	1337	1619	B10K phase 2
B10K-DU-003-06	BGI-phase2	yes	Middle	Passeriformes	Furnariidae	Furnarius figulus	48381	5470	55905	696622	345	7714	1020034629	19524199	2	97	42	15632	16044	1319	7	165	6	2115	1488	B10K phase 2
B10K-DU-003-16	BGI-phase2	yes	High	Passeriformes	Pipromorphidae	Mionectes macconnelli	61519	4739	38024	1649241	167	4538	1042003338	15558300	1	98	43	15817	17028	1365	7	171	6	2242	1524	B10K phase 2
B10K-DU-003-42	BGI-phase2	yes	Low	Pterocliformes	Pteroclidae	Syrrhaptes paradoxus	16142	18016	501659	81615	3525	395574	1126470896	22783208	2	88	41	15021	10961	1155	6	178	5	1789	1821	B10K phase 2
B10K-DU-003-44	BGI-phase2	yes	High	Cuculiformes	Cuculidae	Crotophaga sulcirostris	73496	4158	33888	1745006	172	4068	1077966476	22228815	2	98	41	15441	18275	1394	8	170	7	2355	1605	B10K phase 2
B10K-DU-004-15	BGI-phase2	yes	Middle	Passeriformes	Platyrinchidae	Neopipo cinnamomea	32529	8741	72874	496293	493	11127	1046035351	24539478	2	96	41	15762	14959	1306	7	168	6	2028	1484	B10K phase 2
B10K-DU-005-01	BGI-phase2	yes	Middle	Caprimulgiformes	Caprimulgidae	Nyctiprogne leucopyga	25117	11509	91351	191646	1500	18787	1115562280	42868866	4	91	43	15119	14594	1247	7	170	6	2112	1562	B10K phase 2
B10K-DU-005-73	BGI-phase2	yes	Middle	Charadriiformes	Scolopacidae	Arenaria interpres	33657	8962	179180	179026	1627	99114	1131680239	10102468	1	95	42	15442	14971	1293	7	167	6	2034	1576	B10K phase 2
B10K-DU-005-78	BGI-phase2	yes	High	Falconiformes	Falconidae	Herpetotheres cachinnans	53035	6589	40759	1838759	188	2770	1175301041	12479774	1	98	43	16033	18886	1387	8	169	7	2443	1563	B10K phase 2
B10K-DU-006-06	BGI-phase2	yes	Middle	Columbiformes	Columbidae	Alopecoenas beccarii	47243	6826	252804	665876	458	204049	1134027462	6115318	1	97	40	16220	16744	1357	7	171	6	2224	1730	B10K phase 2
B10K-DU-006-09	BGI-phase2	yes	Middle	Procellariiformes	Oceanitidae	Fregetta grallaria	13624	22013	147678	345423	927	16427	1173327650	58371863	5	96	42	15728	15834	1309	7	172	6	2209	1629	B10K phase 2
B10K-DU-006-20	BGI-phase2	yes	High	Charadriiformes	Rostratulidae	Rostratula benghalensis	62805	4922	39299	3413031	85	3501	1103099587	12212043	1	98	41	15820	18549	1403	8	171	7	2385	1579	B10K phase 2
B10K-DU-007-02	BGI-phase2	yes	High	Passeriformes	Pipritidae	Piprites chloris	52279	5987	37849	3588788	83	2144	1054013238	10878190	1	98	42	15880	18421	1378	8	164	7	2308	1387	B10K phase 2
B10K-DU-007-40	BGI-phase2	yes	Middle	Trogoniformes	Trogonidae	Trogon melanurus	45811	6890	45798	601254	491	5781	1107861811	21363771	2	97	41	15696	17601	1378	8	170	7	2289	1498	B10K phase 2
B10K-DU-007-42	BGI-phase2	yes	High	Accipitriformes	Accipitridae	Spizaetus tyrannus	53203	6442	42969	1693768	208	3273	1184689177	12582960	1	98	45	16155	19348	1389	8	167	7	2454	1536	B10K phase 2
B10K-DU-008-47	BGI-phase2	yes	Middle	Cuculiformes	Cuculidae	Piaya cayana	18303	16695	396725	130059	2268	292371	1172643682	18383313	2	94	40	15461	13920	1243	7	174	6	2067	1765	B10K phase 2
B10K-DU-008-62	BGI-phase2	yes	Middle	Caprimulgiformes	Caprimulgidae	Chordeiles acutipennis	33839	9596	69528	667267	448	9469	1172540830	30069150	3	97	41	15679	18107	1374	8	171	7	2390	1557	B10K phase 2
B10K-DU-008-63	BGI-phase2	yes	High	Strigiformes	Strigidae	Glaucidium brasilianum	66522	5105	35701	1728057	183	3529	1170145796	14589603	1	98	41	15809	19007	1395	8	170	7	2451	1522	B10K phase 2
B10K-DU-009-04	BGI-phase2	yes	Middle	Phoenicopteriformes	Podicipedidae	Podilymbus podiceps	28933	12002	70870	723531	461	5985	1197116647	28885035	2	98	41	15878	18335	1380	8	170	7	2396	1505	B10K phase 2
B10K-DU-009-16	BGI-phase2	yes	Middle	Charadriiformes	Laridae	Phaetusa simplex	13978	22905	140366	531935	618	13693	1151735390	50287256	4	95	41	15243	17350	1350	7	172	6	2345	1605	B10K phase 2
B10K-DU-009-59	BGI-phase2	yes	High	Passeriformes	Macrosphenidae	Sylvietta virens	27507	10679	69143	2642593	93	4612	1028067230	20546338	2	97	41	15801	16690	1337	7	170	6	2240	1632	B10K phase 2
B10K-DU-010-60	BGI-phase2	yes	High	Accipitriformes	Accipitridae	Circaetus pectoralis	23678	14347	84576	1335465	260	4165	1183478128	23360974	2	98	41	16057	18741	1378	8	170	7	2452	1569	B10K phase 2
B10K-DU-011-20	BGI-phase2	yes	High	Musophagiformes	Musophagidae	Corythaixoides concolor	41007	8314	56265	1398599	243	6352	1187754183	22112837	2	98	42	16004	18454	1385	8	171	7	2403	1579	B10K phase 2
B10K-DU-011-36	BGI-phase2	yes	Middle	Anseriformes	Anhimidae	Chauna torquata	24792	12271	243400	231212	1360	96439	1171074192	32275565	3	94	41	15311	15405	1292	7	171	6	2161	1433	B10K phase 2
B10K-DU-011-38	BGI-phase2	yes	Middle	Accipitriformes	Sagittariidae	Sagittarius serpentarius	23120	13428	267083	127087	2280	156714	1152594282	11921063	1	86	41	14586	13367	1217	7	169	6	1967	1461	B10K phase 2
B10K-DU-011-42	BGI-phase2	yes	Middle	Passeriformes	Remizidae	Anthoscopus minutus	34260	7698	399694	103235	2116	316153	1008666037	8180865	1	92	43	15385	11374	1199	7	167	6	1651	1568	B10K phase 2
B10K-DU-011-47	BGI-phase2	yes	Middle	Gruiformes	Rallidae	Zapornia atra	31481	9482	200322	132838	2081	120944	1127645010	10184004	1	94	41	14887	14370	1262	7	168	6	2023	1506	B10K phase 2
B10K-DU-012-02	BGI-phase2	yes	Low	Passeriformes	Buphagidae	Buphagus erythrorhynchus	8233	27856	919569	34576	7382	638016	1092204515	107413478	10	82	45	12742	8154	989	5	175	4	1542	1769	B10K phase 2
B10K-DU-012-10	BGI-phase2	yes	High	Passeriformes	Ptilonorhynchidae	Ptilonorhynchus violaceus	71629	4055	97590	1215016	232	49977	1061548254	8142406	1	98	45	15970	17486	1338	8	163	7	2249	1487	B10K phase 2
B10K-DU-012-14	BGI-phase2	yes	Middle	Charadriiformes	Chionidae	Pluvianellus socialis	29914	11155	191906	120938	2707	106680	1193222825	13857775	1	97	41	15803	14364	1262	7	170	6	2049	1707	B10K phase 2
B10K-DU-012-30	BGI-phase2	yes	Middle	Passeriformes	Eupetidae	Picathartes gymnocephalus	28537	9604	324157	108162	2098	200811	1060867557	45252160	4	92	46	15225	11317	1205	6	172	5	1691	1593	B10K phase 2
B10K-DU-012-37	BGI-phase2	yes	Middle	Bucerotiformes	Upupidae	Upupa epops	25899	10297	154054	226382	1097	74719	977986278	11469034	1	96	44	15293	15263	1332	8	165	7	1983	1433	B10K phase 2
B10K-DU-012-38	BGI-phase2	yes	High	Passeriformes	Urocynchramidae	Urocynchramus pylzowi	32855	9245	119726	1009277	287	45012	1034983446	11828142	1	98	43	15730	17599	1338	8	163	7	2262	1463	B10K phase 2
B10K-DU-012-41	BGI-phase2	yes	Middle	Passeriformes	Eupetidae	Chaetops frenatus	17767	14946	387665	243381	1048	190322	1082118664	43772565	4	94	41	15230	13682	1253	7	171	6	1964	1560	B10K phase 2
B10K-DU-012-45	BGI-phase2	yes	Middle	Procellariiformes	Procellariidae	Pelecanoides urinatrix	36700	9016	252828	248435	1364	183418	1222324814	7103633	1	97	41	16458	15923	1302	7	171	6	2220	1747	B10K phase 2
B10K-DU-012-46	BGI-phase2	yes	Middle	Passeriformes	Prunellidae	Prunella fulvescens	14438	18575	413150	118479	2273	191539	1060009018	53384495	5	93	39	15191	12641	1212	7	171	6	1882	1615	B10K phase 2
B10K-DU-012-47	BGI-phase2	yes	Low	Passeriformes	Sittidae	Tichodroma muraria	9874	21571	772332	27485	6708	578877	965145753	54023572	6	73	40	13136	7999	1092	6	177	5	1336	1579	B10K phase 2
B10K-DU-012-52	BGI-phase2	yes	Middle	Coraciiformes	Brachypteraciidae	Brachypteracias leptosomus	22483	11599	385807	127905	1981	186452	1141948106	68346026	6	92	43	15087	12948	1242	7	173	6	1903	1579	B10K phase 2
B10K-DU-012-55	BGI-phase2	yes	Middle	Charadriiformes	Dromadidae	Dromas ardeola	32775	9979	190420	311185	1026	71618	1197458935	42571444	4	96	40	15604	16480	1312	7	170	6	2265	1559	B10K phase 2
B10K-DU-012-56	BGI-phase2	yes	Low	Pelecaniformes	Balaenicipitidae	Balaeniceps rex	16857	15553	713392	57167	5014	425162	1226406357	117480276	10	77	40	13870	10513	1105	6	177	5	1801	1631	B10K phase 2
B10K-DU-012-58	BGI-phase2	yes	Middle	Accipitriformes	Pandionidae	Pandion haliaetus	15221	19895	440491	100617	2824	260671	1172354218	21616249	2	81	41	14415	12188	1177	6	176	5	1935	1598	B10K phase 2
B10K-DU-012-65	BGI-phase2	yes	Middle	Gruiformes	Gruidae	Grus americana	25215	12710	204430	263749	1208	87503	1163123261	13059492	1	93	45	15511	15294	1286	7	173	6	2178	1573	B10K phase 2
B10K-DU-012-80	BGI-phase2	yes	High	Bucerotiformes	Bucerotidae	Bucorvus abyssinicus	100539	3176	56386	1077579	263	29128	1104632781	4297570	0	98	41	16045	18434	1394	8	169	7	2353	1512	B10K phase 2
B10K-DU-013-18	BGI-phase2	yes	High	Passeriformes	Prunellidae	Prunella himalayana	32412	8930	63857	1828627	160	5620	1024611613	24915420	2	97	43	15840	16583	1336	7	170	6	2226	1573	B10K phase 2
B10K-DU-013-51	BGI-phase2	yes	Low	Coraciiformes	Alcedinidae	Ceyx cyanopectus	6514	32442	828463	23877	8972	617120	1152162448	89914676	8	82	41	13297	8949	1035	5	178	4	1645	2018	B10K phase 2
B10K-DU-015-11	BGI-phase2	yes	Middle	Passeriformes	Emberizidae	Emberiza fucata	16757	16239	115556	911827	272	11181	1032605053	41748906	4	96	41	15442	15917	1308	7	171	6	2211	1546	B10K phase 2
B10K-DU-015-28	BGI-phase2	yes	High	Passeriformes	Plectrophenacidae	Calcarius ornatus	46130	5971	67712	1242718	219	10665	1056317178	42543262	4	97	42	15741	16449	1312	7	171	6	2271	1603	B10K phase 2
B10K-DU-017-21	BGI-phase2	yes	High	Cuculiformes	Cuculidae	Centropus bengalensis	28614	9736	76689	1200966	232	9429	1015705370	23793146	2	97	42	15313	16815	1335	7	171	6	2286	1551	B10K phase 2
B10K-DU-017-25	BGI-phase2	yes	High	Cuculiformes	Cuculidae	Centropus unirufus	66274	4389	38251	2073288	137	4898	1048838741	19517637	2	98	41	15493	18097	1391	8	171	7	2348	1561	B10K phase 2
B10K-DU-017-47	BGI-phase2	yes	Middle	Psittaciformes	Cacatuidae	Probosciger aterrimus	29244	9233	77691	199564	1469	14501	1061685338	31014402	3	95	39	15791	14667	1289	7	167	6	2003	1509	B10K phase 2
B10K-DU-021-26	BGI-phase2	yes	Middle	Columbiformes	Columbidae	Columbina picui	22140	12788	115887	615577	441	13409	1097921518	74974490	7	94	42	14465	17721	1332	7	172	6	2441	1589	B10K phase 2
B10K-DU-021-33	BGI-phase2	yes	Middle	Charadriiformes	Laridae	Chroicocephalus maculipennis	33564	9035	76397	478205	672	11588	1151148263	26190310	2	95	43	15643	16464	1315	7	173	6	2305	1709	B10K phase 2
B10K-DU-023-52	BGI-phase2	yes	Low	Passeriformes	Passerellidae	Spizella passerina	4140	46254	1392754	10561	20371	1250413	1106092256	64051761	6	68	42	10404	5997	878	4	185	3	1371	1993	B10K phase 2
B10K-DU-024-03	BGI-phase2	yes	High	Coraciiformes	Alcedinidae	Halcyon senegalensis	82546	3918	32323	2092632	146	3682	1137737933	18340161	2	98	40	15834	18777	1397	8	170	7	2422	1581	B10K phase 2
B10K-DU-025-06	BGI-phase2	yes	Middle	Psittaciformes	Cacatuidae	Eolophus roseicapilla	17830	15443	116495	439985	618	14265	1065379040	44224686	4	94	41	15416	15730	1334	7	172	6	2143	1544	B10K phase 2
B10K-DU-027-49	BGI-phase2	yes	Middle	Pterocliformes	Pteroclidae	Pterocles burchelli	38836	8076	55191	594480	440	6903	1101016664	26652571	2	97	42	15528	17149	1368	7	171	6	2264	1566	B10K phase 2
B10K-DU-028-75	BGI-phase2	yes	High	Passeriformes	Onychorhynchidae	Onychorhynchus coronatus	79842	3771	31811	3150178	98	3365	1072515626	11002290	1	98	39	16004	17405	1372	8	170	7	2270	1517	B10K phase 2
B10K-DU-029-24	BGI-phase2	yes	Low	Procellariiformes	Diomedeidae	Thalassarche chlororhynchos	17787	15484	458129	45184	5354	340786	1117857727	12123218	1	74	39	13347	10028	1109	6	174	5	1666	1496	B10K phase 2
B10K-DU-029-28	BGI-phase2	yes	Low	Pelecaniformes	Anhingidae	Anhinga rufa	9018	28400	843347	15661	16650	641646	1069512377	78878173	7	65	44	11783	5975	1000	5	182	4	1113	1541	B10K phase 2
B10K-DU-029-32	BGI-phase2	yes	High	Passeriformes	Orthonychidae	Orthonyx spaldingii	60337	5020	74138	1307312	220	31247	1037238225	7198120	1	98	44	16069	17743	1356	8	164	7	2260	1560	B10K phase 2
B10K-DU-029-33	BGI-phase2	yes	High	Passeriformes	Corcoracidae	Struthidea cinerea	54597	5623	73591	1098961	257	27475	1044276834	8212211	1	98	46	16050	17598	1345	8	164	7	2262	1512	B10K phase 2
B10K-DU-029-36	BGI-phase2	yes	Middle	Passeriformes	Oreoicidae	Aleadryas rufinucha	39591	7693	126105	366232	774	67323	1054488611	7580183	1	97	45	15505	16271	1304	7	168	6	2226	1572	B10K phase 2
B10K-DU-029-37	BGI-phase2	yes	Middle	Passeriformes	Melanocharitidae	Melanocharis versteri	54114	5407	127754	846143	323	71586	1037045325	7276672	1	98	41	15886	17231	1330	8	163	7	2235	1535	B10K phase 2
B10K-DU-029-38	BGI-phase2	yes	High	Passeriformes	Cnemophilidae	Cnemophilus loriae	66582	4390	129665	1419201	203	79172	1051718590	7795155	1	98	44	16143	17715	1343	8	164	7	2277	1495	B10K phase 2
B10K-DU-029-39	BGI-phase2	yes	High	Passeriformes	Eulacestomatidae	Eulacestoma nigropectus	59642	5160	70474	1159056	237	29354	1042794322	7399406	1	98	44	16257	17631	1344	8	164	7	2269	1554	B10K phase 2
B10K-DU-029-40	BGI-phase2	yes	High	Passeriformes	Rhagologidae	Rhagologus leucostigma	81348	3689	65737	1433396	204	27236	1047313563	6451268	1	98	45	16219	17739	1339	8	164	7	2292	1577	B10K phase 2
B10K-DU-029-41	BGI-phase2	yes	Middle	Passeriformes	Ifritidae	Ifrita kowaldi	50463	6039	102194	422651	697	55465	1045335582	5790636	1	98	46	15755	16669	1311	7	168	6	2259	1605	B10K phase 2
B10K-DU-029-42	BGI-phase2	yes	Middle	Passeriformes	Paramythiidae	Oreocharis arfaki	57028	5344	98650	636482	453	57466	1043421782	7551811	1	98	45	15660	17210	1331	7	169	6	2310	1618	B10K phase 2
B10K-DU-029-43	BGI-phase2	yes	Middle	Passeriformes	Machaerirhynchidae	Machaerirhynchus nigripectus	45803	6474	115420	996888	297	53113	1048924094	9573369	1	98	45	15988	17300	1336	8	164	7	2235	1478	B10K phase 2
B10K-DU-029-44	BGI-phase2	yes	Middle	Passeriformes	Maluridae	Malurus elegans	38736	7253	140174	455105	579	73876	1018323335	9854249	1	97	43	15750	16095	1313	7	169	6	2195	1658	B10K phase 2
B10K-DU-029-46	BGI-phase2	yes	Middle	Charadriiformes	Turnicidae	Turnix velox	25855	9621	271764	146757	1530	186152	983836808	14442698	1	93	44	14371	14463	1287	7	171	6	2020	1569	B10K phase 2
B10K-DU-029-47	BGI-phase2	yes	Middle	Passeriformes	Neosittidae	Daphoenositta chrysoptera	47009	6416	108409	797961	375	55298	1038372177	8811229	1	98	44	15822	17429	1341	8	163	7	2240	1495	B10K phase 2
B10K-DU-029-49	BGI-phase2	yes	High	Passeriformes	Dasyornithidae	Dasyornis broadbenti	48020	6372	80471	1409288	193	29408	1027133976	6664834	1	98	44	16344	17438	1344	8	164	7	2241	1535	B10K phase 2
B10K-DU-029-50	BGI-phase2	yes	High	Passeriformes	Meliphagidae	Grantiella picta	57382	5179	92423	1131194	252	40461	1017713880	7490584	1	98	45	16031	16292	1337	7	169	6	2172	1594	B10K phase 2
B10K-DU-029-51	BGI-phase2	yes	Middle	Passeriformes	Pardalotidae	Pardalotus punctatus	47932	5969	141216	301866	834	95020	1038095782	6807400	1	96	43	15351	15957	1292	7	169	6	2216	1620	B10K phase 2
B10K-DU-029-52	BGI-phase2	yes	High	Passeriformes	Acanthizidae	Origma solitaria	69313	4314	72705	1258204	227	30267	1035754644	8139009	1	98	44	16332	16131	1319	7	169	6	2183	1691	B10K phase 2
B10K-DU-029-53	BGI-phase2	yes	Middle	Passeriformes	Climacteridae	Climacteris rufus	52667	5847	90339	864989	332	38497	1061977697	10873082	1	98	45	15877	16590	1333	7	169	6	2217	1558	B10K phase 2
B10K-DU-029-58	BGI-phase2	yes	Middle	Eurypygiformes	Rhynochetidae	Rhynochetos jubatus	39933	8010	104777	962318	318	34089	1119129701	9409546	1	98	46	15331	19226	1390	8	169	7	2471	1473	B10K phase 2
B10K-DU-029-61	BGI-phase2	yes	Middle	Passeriformes	Atrichornithidae	Atrichornis clamosus	81621	3669	110847	146700	2036	94923	1056162484	1487789	0	98	41	16254	14733	1291	7	170	6	2045	1766	B10K phase 2
B10K-DU-029-69	BGI-phase2	yes	Low	Passeriformes	Scotocercidae	Horornis vulcanius	2159	88681	1212482	14317	20303	725103	1267843446	249187479	20	68	45	11544	5578	855	4	179	3	1256	1914	B10K phase 2
B10K-DU-029-75	BGI-phase2	yes	Middle	Passeriformes	Notiomystidae	Notiomystis cincta	30513	9541	131939	153112	1820	67089	1028912988	9655592	1	97	44	15330	14339	1275	7	168	6	1990	1532	B10K phase 2
B10K-DU-029-76	BGI-phase2	yes	Middle	Caprimulgiformes	Aegothelidae	Aegotheles bennettii	46024	6444	105678	322185	843	53892	1092772212	12961654	1	97	41	15257	16905	1355	7	170	6	2229	1483	B10K phase 2
B10K-DU-029-77	BGI-phase2	yes	High	Passeriformes	Falcunculidae	Falcunculus frontatus	88125	3445	140727	1180174	242	107002	1054067146	5118593	0	98	46	16189	16621	1332	7	170	6	2240	1737	B10K phase 2
B10K-DU-029-80	BGI-phase2	yes	Middle	Charadriiformes	Pedionomidae	Pedionomus torquatus	20660	15196	256708	251102	1171	127742	1146101394	18738036	2	97	42	15015	17555	1344	7	170	6	2347	1502	B10K phase 2
B10K-DU-030-03	BGI-phase2	yes	Middle	Passeriformes	Petroicidae	Drymodes brunneopygia	38556	7011	350119	431101	587	252736	1078915646	12734325	1	93	40	15469	14592	1279	7	171	6	2058	1715	B10K phase 2
B10K-DU-030-18	BGI-phase2	yes	Middle	Passeriformes	Panuridae	Panurus biarmicus	16227	15011	103771	122995	1784	25727	919095039	64285903	7	89	44	14788	11128	1206	7	172	6	1651	1512	B10K phase 2
B10K-DU-030-22	BGI-phase2	yes	Middle	Passeriformes	Mohouidae	Mohoua ochrocephala	40353	7015	170769	205272	1325	105765	1046366822	11009487	1	97	46	15399	13456	1267	7	169	6	1882	1542	B10K phase 2
B10K-DU-030-25	BGI-phase2	yes	Middle	Charadriiformes	Haematopodidae	Ibidorhyncha struthersii	33147	10152	181989	504561	648	88555	1207838814	13263227	1	98	41	15745	18476	1363	8	169	7	2422	1600	B10K phase 2
B10K-DU-030-41	BGI-phase2	yes	Middle	Passeriformes	Sapayoidae	Sapayoa aenigma	52071	5471	42512	373295	643	9858	1015953747	22187354	2	96	44	15552	13949	1291	7	172	6	1948	1592	B10K phase 2
B10K-DU-030-59	BGI-phase2	yes	Middle	Coliiformes	Coliidae	Urocolius indicus	47577	6320	136612	262578	1166	87731	1116404135	9580919	1	97	41	15829	15910	1326	7	171	6	2169	1584	B10K phase 2
B10K-Elachura-formosa	BGI-phase2	yes	High	Passeriformes	Timaliidae	Elachura formosa	35380	7692	59508	1206722	190	9416	1013721462	32588115	3	95	41	15723	16351	1333	7	172	6	2235	1852	B10K phase 2
B10K-Eudromia-elegans	BGI-phase2	yes	High	Tinamiformes	Tinamidae	Eudromia elegans	63613	4220	32855	6275819	50	2603	958982151	21938752	2	98	42	15099	16878	1420	8	169	7	2097	1333	B10K phase 2
B10K-IZ-033-77	BGI-phase2	yes	High	Passeriformes	Vireonidae	Pteruthius melanotis	28049	10640	68368	2057470	151	5546	1046455532	17620196	2	96	42	16060	17764	1347	7	170	6	2377	1825	B10K phase 2
B10K-IZ-033-78	BGI-phase2	yes	Middle	Passeriformes	Irenidae	Chloropsis hardwickii	34970	8151	68216	590204	459	12490	1057344430	30145553	3	95	42	15620	16607	1311	7	171	6	2293	1732	B10K phase 2
B10K-IZ-033-81	BGI-phase2	yes	High	Passeriformes	Timaliidae	Pomatorhinus ruficollis	51603	5564	61526	1275398	217	15777	1065068264	54395330	5	96	41	14992	17978	1306	7	170	6	2497	1507	B10K phase 2
B10K-Nothocercus-julius	BGI-phase2	yes	High	Tinamiformes	Tinamidae	Nothocercus julius	32724	8714	59384	4059565	65	4973	1019411353	41305340	4	97	40	15037	17306	1405	8	169	7	2176	1320	B10K phase 2
B10K-Nothocercus-nigrocapillus	BGI-phase2	yes	High	Tinamiformes	Tinamidae	Nothocercus nigrocapillus	26881	10501	69714	2648942	106	6434	1019618580	51850385	5	96	40	14795	17298	1401	8	169	7	2184	1276	B10K phase 2
B10K-Nothoprocta-ornata	BGI-phase2	yes	High	Tinamiformes	Tinamidae	Nothoprocta ornata	39355	6907	49406	3960636	77	4111	978297223	34845426	4	98	41	15225	16620	1411	8	169	7	2075	1330	B10K phase 2
B10K-Nothoprocta-pentlandii	BGI-phase2	yes	High	Tinamiformes	Tinamidae	Nothoprocta pentlandii	37304	7281	48271	1104275	247	5079	984676349	44862263	5	97	41	14819	17031	1416	8	169	7	2116	1295	B10K phase 2
B10K-UC-030-51	BGI-phase2	yes	Middle	Charadriiformes	Chionidae	Chionis minor	55587	6226	87853	596430	545	37247	1176400737	6131267	1	98	46	15834	18051	1366	8	170	7	2379	1590	B10K phase 2
B10K-UC-030-53	BGI-phase2	yes	High	Passeriformes	Promeropidae	Promerops cafer	56037	5387	97734	1169420	240	51358	1046782811	7986987	1	98	45	15833	16183	1322	7	169	6	2191	1583	B10K phase 2
NCBI-001	Published on NCBI	no	High	Galliformes	Phasianidae	Coturnix japonica	259559	993	13604	67000979	5	2012	927656957	10397704	1	98	41	16528	16345	1452	8	170	7	1978	1525	Published
NCBI-002	Published on NCBI	no	High	Passeriformes	Sturnidae	Sturnus vulgaris	123681	2292	25750	3416708	89	2361	1036755994	23939528	2	98	41	16377	16679	1348	7	170	6	2219	1587	Published
NCBI-003	Published on NCBI	no	High	Passeriformes	Zosteropidae 	Zosterops lateralis melanops	22851	13099	82093	3581248	83	2933	1036003386	34348135	3	97	40	15251	16522	1334	7	167	6	2173	1354	Published
NCBI-004	Published on NCBI	no	High	Galliformes	Phasianidae	Meleagris gallopavo	26671	11555	296040	59006440	6	231285	1128339136	35294427	3	96	45	16828	12180	1241	7	169	6	1727	1569	Published
NCBI-005	Published on NCBI	no	High	Apterygiformes	Apterygidae	Apteryx australis	7448	51391	695450	4002699	59	326828	1595295449	213327420	13	96	43	15768	21930	1341	8	165	7	2902	1569	Published
NCBI-006	Published on NCBI	no	High	Falconiformes	Falconidae	Falco cherrug	31327	10949	75898	4154532	84	5863	1174811715	23817946	2	98	41	15714	19617	1381	8	163	7	2449	1379	Published
NCBI-007	Published on NCBI	no	High	Passeriformes	Emberizidae	Zonotrichia albicollis	104087	2580	47477	4891552	52	6018	1052600561	46307051	4	97	40	14644	18955	1342	8	162	7	2431	1344	Published
NCBI-008	Published on NCBI	no	High	Passeriformes	Pipridae	Lepidothrix coronata	112150	2807	27068	4972619	70	4612	1079577334	22384553	2	98	41	15877	17878	1376	8	171	7	2345	1534	Published
NCBI-009	Published on NCBI	no	High	Anseriformes	Anatidae	Anser cygnoides	27608	11638	91844	5202740	64	7592	1119134887	35379405	3	97	41	14845	19098	1403	8	167	7	2401	1307	Published
NCBI-010	Published on NCBI	no	High	Passeriformes	Parulidae	Setophaga coronata	6797	39887	464424	5523077	56	154686	1171929618	125947048	11	95	43	15591	16635	1292	7	169	6	2322	1625	Published
NCBI-011	Published on NCBI	no	High	Galliformes	Phasianidae	Gallus gallus	272520	978	27486	82363669	5	15932	1046932099	14077289	1	98	42	17883	16965	1414	8	170	7	2135	1603	Published
NCBI-012	Published on NCBI	no	High	Passeriformes	Muscicapidae	Ficedula albicollis	351202	910	32457	64724594	6	21428	1118343587	16019705	1	NA	44	15863	18335	1348	8	167	7	2415	1450	Published
NCBI-013	Published on NCBI	no	High	Passeriformes	Estrildidae	Taeniopygia guttata	38644	8015	124805	62374962	7	37095	1232118738	9270900	1	96	41	19174	14786	1196	7	166	6	2198	2025	Published
NCBI-014	Published on NCBI	no	High	Accipitriformes	Accipitridae	Aquila chrysaetos canadensis	146947	2369	18921	9230743	40	1142	1192743076	12708611	1	98	41	16374	19129	1391	8	169	7	2468	1580	Published
NCBI-015	Published on NCBI	no	High	Charadriiformes	Scolopacidae	Calidris pugnax	109237	3054	34157	10060041	33	3753	1229094286	46140523	4	98	41	16877	18764	1362	7	172	6	2515	1778	Published
NCBI-016	Published on NCBI	no	High	Galliformes	Phasianidae	Tympanuchus cupido	47485	5868	59797	12138678	23	12186	983776544	3857299	0	98	42	16440	17272	1434	8	170	7	2131	1590	Published
NCBI-017	Published on NCBI	no	High	Passeriformes	Paridae	Pseudopodoces humilis	165265	1794	26896	16337386	16	5405	1042980823	12967196	1	98	42	16891	16534	1337	7	170	6	2226	1675	Published
NCBI-018	Published on NCBI	no	High	Passeriformes	Fringillidae	Serinus canaria	53570	5364	345625	17815079	13	288530	1152100110	24865222	2	98	48	16419	15989	1289	7	167	6	2197	1602	Published
NCBI-019	Published on NCBI	no	High	Columbiformes	Columbidae	Patagioenas fasciata	17947	16916	139615	19987418	17	9784	1089149042	16246789	1	98	41	15935	17938	1375	8	170	7	2345	1605	Published
NCBI-020	Published on NCBI	no	High	Passeriformes	Corvidae	Corvus cornix cornix	94466	2945	25988	21080102	14	113	1042281180	30616787	3	97	41	14165	18109	1377	8	166	7	2301	1141	Published
NCBI-021	Published on NCBI	no	High	Passeriformes	Passeridae	Passer domesticus	51426	5263	50329	68733010	6	2301	1042720703	42993395	4	96	41	15707	18389	1360	8	164	7	2347	1399	Published
NCBI-022	Published on NCBI	no	High	Passeriformes	Paridae	Parus major	132905	2088	26284	68030631	5	1675	1020310768	18002179	2	98	41	15792	18524	1373	8	164	7	2339	1440	Published
NCBI-024	Published on NCBI	no	High	Galliformes	Odontophoridae	Colinus virginianus	56067	5091	152524	2042136	150	42369	1254146751	119897618	10	97	41	17243	15070	1360	7	173	6	1998	1806	Published
NCBI-025	Published on NCBI	no	High	Galliformes	Odontophoridae	Callipepla squamata	154149	1950	59456	1035259	278	34302	1045281893	28352361	3	98	42	17070	15625	1402	8	172	7	1990	1700	Published
NCBI-026	Published on NCBI	no	High	Passeriformes	Thraupidae	Sporophila hypoxantha	438970	582	24619	7965281	31	5095	1067760248	51700660	5	91	42	15739	16610	1292	7	169	6	2312	1579	Published
NCBI-027	Published on NCBI	no	High	Pelecaniformes	Phalacrocoracidae	Urile pelagicus	28343	12094	117253	1719903	195	20951	1210663266	9605738	1	98	43	16792	18690	1377	8	170	7	2445	1607	Published
NCBI-028	Published on NCBI	no	High	Pelecaniformes	Phalacrocoracidae	Nannopterum auritus	30881	10940	126123	1990987	186	27523	1246050644	12138145	1	98	43	17175	18663	1376	8	171	7	2453	1638	Published
NCBI-029	Published on NCBI	no	High	Pelecaniformes	Phalacrocoracidae	Nannopterum harrisi	67801	5235	46408	4648443	75	2651	1202994831	10601546	1	98	42	16952	19029	1386	8	170	7	2473	1655	Published
NCBI-030	Published on NCBI	no	Low	Pelecaniformes	Phalacrocoracidae	Nannopterum brasilianus	8920	33495	524575	86910	3071	266364	1346185690	10984124	1	93	44	16416	13475	1244	7	174	6	1991	1871	Published
NCBI-031	Published on NCBI	no	High	Passeriformes	Estrildidae	Lonchura striata	75193	3952	39839	2953339	103	3014	1060169706	31160140	3	98	41	16828	16452	1325	7	170	6	2236	1703	Published
NCBI-032	Published on NCBI	no	High	Anseriformes	Anatidae	Anas zonorhyncha	33330	9075	141038	2077029	152	20089	1310797575	131511522	10	96	41	18401	16685	1324	7	173	6	2313	1994	Published
NCBI-033	Published on NCBI	no	High	Passeriformes	Phylloscopidae	Phylloscopus trochilus	210543	1352	21853	3249743	77	5995	1066518484	18644600	2	97	42	16318	16898	1336	7	171	6	2297	1724	Published
NCBI-034	Published on NCBI	no	High	Passeriformes	Muscicapidae	Saxicola maurus	146240	1900	24176	10168254	24	2819	1015875226	24422282	2	98	41	16286	16540	1343	7	171	6	2220	1614	Published
NCBI-035	Published on NCBI	no	High	Charadriiformes	Alcidae	Uria lomvia	22064	14580	127168	15847591	23	9327	1179358714	25978166	2	98	42	16266	19483	1404	8	170	7	2505	1609	Published
NCBI-036	Published on NCBI	no	High	Strigiformes	Strigidae	Strix occidentalis caurina	51301	7054	65083	3937821	92	8108	1255541132	13782675	1	98	42	17054	18683	1374	7	172	6	2478	1729	Published
NCBI-037	Published on NCBI	no	High	Anseriformes	Anatidae	Anas platyrhynchos	38590	7786	123546	2489142	124	18550	1265073014	95195785	8	98	41	18391	16533	1332	7	173	6	2271	1970	Published
OUT-0001	Evoldir	no	Middle	Psittaciformes	Psittaculidae	Agapornis roseicollis	17582	17922	536881	111893	2852	433803	1170382572	18361966	2	96	45	15957	13922	1287	7	167	6	1892	1649	Published
OUT-0002	Evoldir	yes	Middle	Caprimulgiformes	Trochilidae	Oreotrochilus melanogaster	6755	43176	479702	163428	1906	249398	1132553386	142370785	13	93	39	13940	16453	1315	8	162	7	2138	1128	B10K phase 2 (external)
OUT-0003	Evoldir	yes	Middle	Charadriiformes	Alcidae	Alca torda	24870	13339	187595	239357	1291	93234	1168531553	9807733	1	97	46	15606	16705	1276	7	165	6	2302	1596	B10K phase 2 (external)
OUT-0004	Evoldir	yes	Middle	Caprimulgiformes	Steatornithidae	Steatornis caripensis	18179	19009	331373	304147	1143	197099	1241087089	30264898	2	97	47	16244	16733	1312	7	171	6	2315	1644	B10K phase 2 (external)
OUT-0007	Evoldir	yes	High	Columbiformes	Columbidae	Caloenas nicobarica	72340	4147	36988	20885367	16	3686	1025562333	7024945	1	94	42	15631	19346	1393	8	165	7	2425	1575	B10K phase 2 (external)
OUT-0008	Evoldir	yes	High	Passeriformes	Emberizidae	Melospiza melodia	135933	2256	21134	9239070	32	6043	1061250996	2656214	0	97	42	16973	16085	1297	7	168	6	2210	1578	B10K phase 2 (external)
OUT-0010	Evoldir	yes/no	High	Passeriformes	Thamnophilidae	Rhegmatorhina hoffmannsi	73803	3419	40871	12096521	25	2328	951650392	4164667	0	94	42	13933	17756	1365	8	170	7	2337	1369	B10K phase 2 (external)
OUT-0011	Evoldir	yes - but add publication reference	High	Passeriformes	Fringillidae	Loxia curvirostra	83782	3543	101712	3107915	91	64453	1034651929	7841004	1	98	41	16497	16394	1331	7	170	6	2208	1702	B10K phase 2 (external)
OUT-0012	Evoldir	no	High	Passeriformes	Emberizidae	Junco hyemalis	80175	3082	47222	72056337	5	4457	958315288	31338767	3	94	41	15049	16874	1339	7	171	6	2277	1531	Published
OUT-0013	Evoldir	yes	High	Passeriformes	Sylviidae	Sylvia atricapilla	57175	5107	31765	21997114	13	96	1017107033	33034381	3	96	41	14967	17612	1387	8	169	7	2256	1309	B10K phase 2 (external)
OUT-0015	Evoldir	yes	High	Passeriformes	Muscicapidae	Erithacus rubecula	73416	3830	29526	5917692	46	2473	979866744	15299363	2	97	41	15395	16706	1362	7	170	6	2196	1516	B10K phase 2 (external)
OUT-0016	Evoldir	no	Middle	Charadriiformes	Scolopacidae	Limosa lapponica	12357	16533	187323	208760	1114	28514	1142901983	174590800	15	78	38	13273	14691	1246	6	180	5	2271	1548	Published
OUT-0017	Evoldir	yes	Middle	Passeriformes	Cardinalidae	Passerina amoena	54919	5258	92218	652591	397	57188	1068872811	31771170	3	92	43	15190	15837	1280	7	171	6	2254	1717	B10K phase 2 (external)
OUT-0018	Evoldir	yes	Middle	Passeriformes	Cardinalidae	Pheucticus melanocephalus	57846	4976	78472	704908	339	44766	1048547861	24945870	2	92	43	15406	15742	1268	7	170	6	2242	1697	B10K phase 2 (external)
OUT-0019	Evoldir	yes/no	High	Charadriiformes	Alcidae	Uria aalge	19959	15792	322691	11658233	34	219191	1203446098	48999728	4	96	47	15709	19660	1403	8	170	7	2532	1590	B10K phase 2 (external)
OUT-0020	Evoldir	yes	High	Charadriiformes	Alcidae	Cepphus grylle	34123	10103	978060	14351819	27	914548	1307487281	24551195	2	97	52	16365	19461	1394	8	171	7	2530	1764	B10K phase 2 (external)
OUT-0021	Evoldir	yes	High	Charadriiformes	Laridae	Rissa tridactyla	49850	6794	614595	15326318	22	569752	1253770847	27856255	2	97	50	16255	19499	1398	8	171	7	2522	1708	B10K phase 2 (external)
OUT-0022	Evoldir	yes	High	Passeriformes	Corvidae	Aphelocoma coerulescens	118847	2548	24200	7660078	40	1678	1060889110	19316721	2	98	42	16333	17247	1353	7	170	6	2289	1600	B10K phase 2 (external)
OUT-0023	Evoldir	yes	High	Passeriformes	Paridae	Poecile atricapillus	96526	2966	36662	11311321	21	3123	1047349132	31080108	3	98	41	15944	17188	1359	7	170	6	2269	1524	B10K phase 2 (external)
OUT-0024	Evoldir	yes	High	Passeriformes	Muscicapidae	Cercotrichas coryphaeus	47169	5907	52250	1023560	291	5918	1029872817	45413065	4	96	40	15378	16641	1349	7	171	6	2223	1514	B10K phase 2 (external)
OUT-0025	Evoldir	yes	Low	Procellariiformes	Procellariidae	Calonectris borealis	47037	6698	210366	64608	4880	183884	1180118211	739930	0	95	43	15882	11442	1208	6	174	5	1721	1668	B10K phase 2 (external)
OUT-0026	Evoldir	no	High	Apterygiformes	Apterygidae	Apteryx haastii	105490	3278	27774	1371329	230	4316	1221582593	17993464	1	97	41	16017	19175	1392	8	170	7	2488	1620	Published
OUT-0027	Evoldir	no	High	Apterygiformes	Apterygidae	Apteryx owenii	128129	2708	27321	1622467	201	5180	1231372114	17377009	1	96	41	16305	18957	1385	8	170	7	2468	1656	Published
OUT-0028	Evoldir	no	High	Apterygiformes	Apterygidae	Apteryx rowi	120245	2896	26114	1672276	181	4228	1229006195	18579063	2	96	41	16280	19117	1396	8	170	7	2470	1603	Published
OUT-0029	Evoldir	no	High	Tinamiformes	Tinamidae	Crypturellus cinnamomeus	50217	6295	50695	2401919	129	8285	1122239192	31306939	3	96	42	16890	15765	1371	7	172	6	2066	1679	Published
OUT-0030	Evoldir	no	High	Tinamiformes	Tinamidae	Nothoprocta perdicaria	75737	3649	27351	3369196	80	2294	965978015	12206545	1	97	42	15620	16652	1419	8	170	7	2073	1418	Published
OUT-0031	Evoldir	no	High	Rheiformes	Rheidae	Rhea americana	68669	4963	34298	3950085	78	2230	1160915584	14166470	1	96	41	15709	19517	1415	8	170	7	2484	1504	Published
OUT-0032	Evoldir	no	High	Rheiformes	Rheidae	Rhea pennata	55849	6209	41300	3873207	88	3096	1174616351	15372777	1	94	41	15971	19035	1401	8	171	7	2453	1673	Published
OUT-0034	Evoldir	no	High	Passeriformes	Fringillidae	Chlorodrepanis virens	30838	9514	95049	3340284	85	9858	1032168602	22431546	2	97	42	15824	16304	1321	7	167	6	2182	1534	Published
OUT-0035	Evoldir	yes/no	High	Passeriformes	Fringillidae	Hemignathus wilsoni	57590	5089	46897	3340285	85	9908	1032508528	17648837	2	97	42	16140	16382	1325	7	169	6	2202	1626	B10K phase 2 (external)
OUT-0036	Evoldir	no	High	Anseriformes	Anatidae	Cairina moschata	71708	4006	35783	58542904	6	2943	1109232564	28771234	3	96	41	16652	18242	1411	8	171	7	2329	1699	Published
OUT-0037	Evoldir	yes	High	Passeriformes	Pycnonotidae	Brachypodius atriceps	85408	2961	32563	17537833	14	3820	906727256	3565023	0	93	42	14433	16891	1362	8	170	7	2218	1392	B10K phase 2 (external)
OUT-0039	Evoldir	yes	Middle	Passeriformes	Certhiidae	Certhia familiaris	48849	5917	66929	859584	320	30265	1066591959	43229800	4	93	41	14932	16314	1306	7	169	6	2238	1513	B10K phase 2 (external)
OUT-0040	Evoldir	yes	High	Accipitriformes	Accipitridae	Haliaeetus albicilla	114322	3074	35049	4702683	75	6415	1222768274	24997978	2	97	42	16871	18872	1388	8	170	7	2453	1668	B10K phase 2 (external)
OUT-0045	Evoldir	no	High	Galliformes	Phasianidae	Phasianus colchicus	177942	1553	101889	10186719	28	82767	1023273632	7946780	1	96	44	17121	17098	1422	8	170	7	2136	1722	Published
OUT-0046	Evoldir	yes	High	Charadriiformes	Charadriidae	Charadrius alexandrinus	38982	9113	194903	3220723	107	126040	1245524081	38129714	3	97	46	16631	18867	1376	8	171	7	2496	1833	B10K phase 2 (external)
OUT-0047	Evoldir	no	High	Passeriformes	Pipridae	Manacus manacus	194129	1546	29472	16643792	19	15315	1213150360	45187821	4	97	42	16469	16570	1307	7	169	6	2273	1609	Published
OUT-0048	Evoldir	yes	High	Passeriformes	Viduidae	Vidua chalybeata	150055	2070	16816	1178082	260	2961	1073613051	3492860	0	97	42	16801	15874	1317	7	170	6	2161	1596	B10K phase 2 (external)
OUT-0049	Evoldir	yes	High	Passeriformes	Icteridae	Molothrus ater	89121	3654	196904	2048363	163	144362	1229226612	28823749	2	97	45	18519	14845	1236	7	171	6	2189	2106	B10K phase 2 (external)
OUT-0050	Evoldir	yes	High	Passeriformes	Icteridae	Agelaius phoeniceus	78423	3690	74553	1731966	162	42259	1086319302	26524500	2	95	43	16012	16196	1305	7	172	6	2265	1725	B10K phase 2 (external)
OUT-0051	Evoldir	yes	High	Anseriformes	Anatidae	Asarcornis scutulata	91216	3396	34121	6085365	60	9117	1117998568	16976870	2	96	41	16465	18254	1407	8	171	7	2337	1693	B10K phase 2 (external)
OUT-0053	Evoldir	yes	High	Passeriformes	Thraupidae	Nesospiza acunhae	28161	11023	124479	1018311	275	53184	1060124917	10808893	1	97	44	16811	15634	1287	7	168	6	2157	1638	B10K phase 2 (external)
OUT-0054	Evoldir	yes/no	Middle	Passeriformes	Acrocephalidae	Acrocephalus arundinaceus	73913	3751	55039	336175	932	29469	1184265206	141954772	12	94	41	15659	15589	1274	7	172	6	2241	1737	B10K phase 2 (external)
OUT-0055	Evoldir	yes	Low	Gruiformes	Rallidae	Atlantisia rogersi	35373	8544	279623	36146	8301	277916	1202655028	107266	0	84	49	15045	9122	1102	6	180	5	1571	2024	B10K phase 2 (external)
OUT-0056	Evoldir	yes	Low	Passeriformes	Scotocercidae	Cettia cetti	61725	4836	172539	64414	4618	171210	1073772651	79846	0	95	46	16540	11158	1191	6	171	5	1674	1887	B10K phase 2 (external)
OUT-0059	Evoldir	yes	Middle	Passeriformes	Furnariidae	Xiphorhynchus elegans	62223	4783	114322	172338	1704	89570	1059666735	21808880	2	91	44	15220	13355	1226	7	171	6	1978	1796	B10K phase 2 (external)
OUT-0060	Evoldir	yes	High	Passeriformes	Corvidae	Corvus moneduloides	224553	1362	14803	11959516	27	2591	1056910969	12864847	1	96	42	16252	17271	1365	7	171	6	2286	1612	B10K phase 2 (external)
OUT-0061	Evoldir	yes	High	Passeriformes	Muscicapidae	Copsychus sechellarum	75853	3606	48468	18557444	16	3664	1052508292	42628468	4	97	41	16402	16602	1332	7	171	6	2249	1630	B10K phase 2 (external)
OUT-0062	Evoldir	no	High	Galliformes	Numididae	Numida meleagris	198287	1465	18057	75253249	5	2465	1043247365	20122429	2	98	41	16660	18005	1440	8	170	7	2225	1536	Published
